{
  "$schema": "http://json-schema.org/draft-07/schema#",
  "description": "",
  "type": "array",
  "items": {
    "description": "",
    "type": "object",
    "properties": {
      "rowIdentifier": {
        "description": "",
        "type": "number"
      },
      "chartShareId": {
        "description": "",
        "type": "number"
      },
      "patientId": {
        "description": "",
        "type": "number"
      },
      "section": {
        "description": "",
        "type": "string"
      }
    }
  }
}