{
  "$schema": "http://json-schema.org/draft-07/schema#",
  "description": "",
  "type": "array",
  "items": {
    "description": "",
    "type": "object",
    "properties": {
      "encounterId": {
        "description": "",
        "type": "number"
      },
      "patientId": {
        "description": "",
        "type": "number"
      },
      "encounterDate": {
        "description": "",
        "type": "string"
      },
      "templateGroup": {
        "description": "",
        "type": "string"
      },
      "templateId": {
        "description": "",
        "type": "number"
      },
      "templateName": {
        "description": "",
        "type": "string"
      },
      "appointmentId": {
        "description": "",
        "type": "object"
      },
      "authorUserId": {
        "description": "",
        "type": "string"
      },
      "authorLogDateUtc": {
        "description": "",
        "type": "string"
      }
    }
  }
}