{
  "$schema": "http://json-schema.org/draft-07/schema#",
  "description": "",
  "type": "array",
  "items": {
    "description": "",
    "type": "object",
    "properties": {
      "rowIdentifier": {
        "description": "",
        "type": "number"
      },
      "patientId": {
        "description": "",
        "type": "number"
      },
      "immunizationId": {
        "description": "",
        "type": "number"
      },
      "description": {
        "description": "",
        "type": "string"
      },
      "source": {
        "description": "",
        "type": "string"
      },
      "dateGiven": {
        "description": "",
        "type": "string"
      },
      "timeGiven": {
        "description": "",
        "type": "string"
      },
      "nextDue": {
        "description": "",
        "type": "string"
      },
      "refusal": {
        "description": "",
        "type": "string"
      },
      "visGiven": {
        "description": "",
        "type": "string"
      },
      "vis1": {
        "description": "",
        "type": "string"
      },
      "vis2": {
        "description": "",
        "type": "string"
      },
      "vis3": {
        "description": "",
        "type": "string"
      },
      "vis4": {
        "description": "",
        "type": "string"
      },
      "vfc": {
        "description": "",
        "type": "string"
      },
      "fundingSource": {
        "description": "",
        "type": "string"
      },
      "manufacturer": {
        "description": "",
        "type": "string"
      },
      "lotNumber": {
        "description": "",
        "type": "string"
      },
      "expiration": {
        "description": "",
        "type": "string"
      },
      "orderdBy": {
        "description": "",
        "type": "string"
      },
      "adminBy": {
        "description": "",
        "type": "string"
      },
      "adminAt": {
        "description": "",
        "type": "string"
      },
      "amount": {
        "description": "",
        "type": "string"
      },
      "amountUnits": {
        "description": "",
        "type": "string"
      },
      "site": {
        "description": "",
        "type": "string"
      },
      "route": {
        "description": "",
        "type": "string"
      },
      "reaction": {
        "description": "",
        "type": "string"
      },
      "evidenceImmunity": {
        "description": "",
        "type": "string"
      },
      "authorUserId": {
        "description": "",
        "type": "string"
      },
      "authorLogDateUtc": {
        "description": "",
        "type": "string"
      }
    }
  }
}