{
  "$schema": "http://json-schema.org/draft-07/schema#",
  "description": "",
  "type": "array",
  "items": {
    "description": "",
    "type": "object",
    "properties": {
      "insuredId": {
        "description": "",
        "type": "number"
      },
      "patientId": {
        "description": "",
        "type": "number"
      },
      "coverage": {
        "description": "",
        "type": "string"
      },
      "insured": {
        "description": "",
        "type": "string"
      },
      "firstName": {
        "description": "",
        "type": "string"
      },
      "middleName": {
        "description": "",
        "type": "string"
      },
      "lastName": {
        "description": "",
        "type": "string"
      },
      "nameSuffix": {
        "description": "",
        "type": "string"
      },
      "birthDate": {
        "description": "",
        "type": "string"
      },
      "email": {
        "description": "",
        "type": "string"
      },
      "address1": {
        "description": "",
        "type": "string"
      },
      "address2": {
        "description": "",
        "type": "string"
      },
      "city": {
        "description": "",
        "type": "string"
      },
      "state": {
        "description": "",
        "type": "string"
      },
      "zipCode": {
        "description": "",
        "type": "string"
      },
      "countryCode": {
        "description": "",
        "type": "string"
      },
      "phone": {
        "description": "",
        "type": "string"
      },
      "phoneExt": {
        "description": "",
        "type": "object"
      },
      "employer": {
        "description": "",
        "type": "string"
      },
      "signatureOnFile": {
        "description": "",
        "type": "string"
      },
      "signatureOnFileDate": {
        "description": "",
        "type": "string"
      },
      "relationship": {
        "description": "",
        "type": "string"
      },
      "gender": {
        "description": "",
        "type": "string"
      },
      "propertyCasualtyInd": {
        "description": "",
        "type": "string"
      },
      "propertyCasualty": {
        "description": "",
        "type": "string"
      },
      "startDate": {
        "description": "",
        "type": "object"
      },
      "endDate": {
        "description": "",
        "type": "string"
      },
      "benefitResetDate": {
        "description": "",
        "type": "object"
      },
      "payerName": {
        "description": "",
        "type": "string"
      },
      "insuredIdType": {
        "description": "",
        "type": "string"
      },
      "insuredIdCode": {
        "description": "",
        "type": "string"
      },
      "secondaryIdType": {
        "description": "",
        "type": "object"
      },
      "secondaryId": {
        "description": "",
        "type": "string"
      },
      "type": {
        "description": "",
        "type": "string"
      },
      "mspReason": {
        "description": "",
        "type": "object"
      },
      "groupName": {
        "description": "",
        "type": "string"
      },
      "copayDollar": {
        "description": "",
        "type": "string"
      },
      "copayPercentage": {
        "description": "",
        "type": "string"
      },
      "groupPolicyNumber": {
        "description": "",
        "type": "string"
      },
      "planCode": {
        "description": "",
        "type": "string"
      },
      "deductible": {
        "description": "",
        "type": "object"
      },
      "deductibleMetDate": {
        "description": "",
        "type": "object"
      },
      "maxOutOfPocket": {
        "description": "",
        "type": "object"
      },
      "maxOutOfPocketMetDate": {
        "description": "",
        "type": "object"
      },
      "authorizationRequired": {
        "description": "",
        "type": "string"
      },
      "eligibilitySkip": {
        "description": "",
        "type": "string"
      }
    }
  }
}