{
  "$schema": "http://json-schema.org/draft-07/schema#",
  "description": "",
  "type": "array",
  "items": {
    "description": "",
    "type": "object",
    "properties": {
      "patientId": {
        "description": "",
        "type": "number"
      },
      "textConsent": {
        "description": "",
        "type": "string"
      },
      "textType": {
        "description": "",
        "type": "string"
      },
      "text": {
        "description": "",
        "type": "string"
      },
      "emailConsent": {
        "description": "",
        "type": "string"
      },
      "emailType": {
        "description": "",
        "type": "string"
      },
      "email": {
        "description": "",
        "type": "string"
      }
    }
  }
}