{
  "$schema": "http://json-schema.org/draft-07/schema#",
  "description": "",
  "type": "array",
  "items": {
    "description": "",
    "type": "object",
    "properties": {
      "rowIdentifier": {
        "description": "",
        "type": "number"
      },
      "encounterId": {
        "description": "",
        "type": "number"
      },
      "patientId": {
        "description": "",
        "type": "number"
      },
      "encounterDate": {
        "description": "",
        "type": "string"
      },
      "orderId": {
        "description": "",
        "type": "number"
      },
      "labRequisitionId": {
        "description": "",
        "type": "object"
      },
      "hasBeenReviewed": {
        "description": "",
        "type": "boolean"
      },
      "orderName": {
        "description": "",
        "type": "string"
      },
      "type": {
        "description": "",
        "type": "string"
      },
      "route": {
        "description": "",
        "type": "string"
      },
      "status": {
        "description": "",
        "type": "string"
      },
      "processor": {
        "description": "",
        "type": "string"
      },
      "orderFulfillmentEncounterId": {
        "description": "",
        "type": "object"
      },
      "authorUserId": {
        "description": "",
        "type": "string"
      },
      "authorLogDateUtc": {
        "description": "",
        "type": "string"
      }
    }
  }
}