{
  "$schema": "http://json-schema.org/draft-07/schema#",
  "description": "",
  "type": "array",
  "items": {
    "description": "",
    "type": "object",
    "properties": {
      "authorizationId": {
        "description": "",
        "type": "number"
      },
      "patientId": {
        "description": "",
        "type": "number"
      },
      "status": {
        "description": "",
        "type": "string"
      },
      "tracking": {
        "description": "",
        "type": "string"
      },
      "type": {
        "description": "",
        "type": "string"
      },
      "authorizationDate": {
        "description": "",
        "type": "string"
      },
      "referralNumber": {
        "description": "",
        "type": "string"
      },
      "authorizedBy": {
        "description": "",
        "type": "object"
      },
      "createdBy": {
        "description": "",
        "type": "object"
      },
      "createdDate": {
        "description": "",
        "type": "object"
      },
      "callDateTime": {
        "description": "",
        "type": "string"
      },
      "serviceDate": {
        "description": "",
        "type": "object"
      },
      "referredName": {
        "description": "",
        "type": "object"
      },
      "selectedInsuranceIsPrimary": {
        "description": "",
        "type": "boolean"
      },
      "patientSent": {
        "description": "",
        "type": "boolean"
      },
      "referralLetter": {
        "description": "",
        "type": "boolean"
      },
      "careConditionAssumed": {
        "description": "",
        "type": "boolean"
      },
      "insuredId": {
        "description": "",
        "type": "number"
      },
      "effectiveStartDate": {
        "description": "",
        "type": "string"
      },
      "effectiveEndDate": {
        "description": "",
        "type": "string"
      },
      "effectiveWarningDate": {
        "description": "",
        "type": "object"
      },
      "amount": {
        "description": "",
        "type": "object"
      },
      "amountUsed": {
        "description": "",
        "type": "object"
      },
      "amountWarning": {
        "description": "",
        "type": "object"
      },
      "visits": {
        "description": "",
        "type": "object"
      },
      "visitsUsed": {
        "description": "",
        "type": "object"
      },
      "visitsWarning": {
        "description": "",
        "type": "object"
      },
      "units": {
        "description": "",
        "type": "object"
      },
      "unitsUsed": {
        "description": "",
        "type": "object"
      },
      "unitsWarning": {
        "description": "",
        "type": "object"
      },
      "facility": {
        "description": "",
        "type": "object"
      },
      "comment": {
        "description": "",
        "type": "object"
      }
    }
  }
}