{
  "$schema": "http://json-schema.org/draft-07/schema#",
  "description": "",
  "type": "array",
  "items": {
    "description": "",
    "type": "object",
    "properties": {
      "problemListIdentifier": {
        "description": "",
        "type": "number"
      },
      "patientId": {
        "description": "",
        "type": "number"
      },
      "priority": {
        "description": "",
        "type": "number"
      },
      "problemDescription": {
        "description": "",
        "type": "string"
      },
      "code": {
        "description": "",
        "type": "string"
      },
      "codeDescription": {
        "description": "",
        "type": "string"
      },
      "codeType": {
        "description": "",
        "type": "string"
      },
      "onsetDate": {
        "description": "",
        "type": "string"
      },
      "resolutionDate": {
        "description": "",
        "type": "object"
      },
      "status": {
        "description": "",
        "type": "string"
      },
      "chronicInd": {
        "description": "",
        "type": "string"
      },
      "snomedConceptId": {
        "description": "",
        "type": "object"
      },
      "type": {
        "description": "",
        "type": "object"
      },
      "authorUserId": {
        "description": "",
        "type": "string"
      },
      "authorLogDateUtc": {
        "description": "",
        "type": "string"
      }
    }
  }
}