{
  "$schema": "http://json-schema.org/draft-07/schema#",
  "description": "",
  "type": "array",
  "items": {
    "description": "",
    "type": "object",
    "properties": {
      "progressNoteId": {
        "description": "",
        "type": "number"
      },
      "patientId": {
        "description": "",
        "type": "number"
      },
      "progressNoteType": {
        "description": "",
        "type": "object"
      },
      "encounterDate": {
        "description": "",
        "type": "string"
      },
      "clinicalNoteType": {
        "description": "",
        "type": "string"
      },
      "html": {
        "description": "",
        "type": "string"
      },
      "signOffLevel": {
        "description": "",
        "type": "string"
      },
      "signOffUserId": {
        "description": "",
        "type": "object"
      },
      "signOffDateUtc": {
        "description": "",
        "type": "string"
      },
      "authorUserId": {
        "description": "",
        "type": "string"
      },
      "authorLogDateUtc": {
        "description": "",
        "type": "string"
      }
    }
  }
}