<?xml version="1.0" encoding="utf-8"?>
<ClinigencePatientData xmlns:xsi="http://www.w3.org/2001/XMLSchema-instance" xsi:schemaLocation="http://www.clinigence.com/patientdata_5/Version5.xsd" xmlns="http://www.clinigence.com/patientdata_5">
  <Actor type="Organization" class="Authority" key="0" keyOID="2.16.840.1.113883.3.1163.2">
    <ShortName>Clinigence Authority</ShortName>
    <Description>Clinigence Authority</Description>
  </Actor>
  <Actor type="Organization" class="Authority" key="3042887" keyOID="2.16.840.1.113883.3.1163.2">
    <ShortName>NLM</ShortName>
    <Description>National Library of Medicine</Description>
  </Actor>
  <Actor type="Organization" class="Authority" key="3530035" keyOID="2.16.840.1.113883.3.1163.2">
    <ShortName>HL7</ShortName>
    <Description>Health Level Seven International (HL7)</Description>
  </Actor>
  <Actor type="Organization" class="CMO" key="8154013" keyOID="2.16.840.1.113883.3.1163.2">
    <ShortName>ACME Fam Practice</ShortName>
    <Description>ACME Family Practice - Atlanta, GA</Description>
    <ActorCommunication>
      <CommunicationType>Phone</CommunicationType>
      <CommunicationName>Primary Phone</CommunicationName>
      <CommunicationValue>111-222-3333</CommunicationValue>
    </ActorCommunication>
  </Actor>
  <Actor type="Person" class="Provider" key="9715061" keyOID="2.16.840.1.113883.3.1163.2">
    <ShortName>Dr. Dreamy, </ShortName>
    <Description>Dr. Dreamy, F.A.A.F.P.</Description>
    <UniversalKey>
      <Domain>2.16.840.1.113883.4.6</Domain>
      <OID>2.16.840.1.113883.4.6</OID>
      <Key>1861440711</Key>
      <Description>2.16.840.1.113883.4.6</Description>
    </UniversalKey>
  </Actor>
  <Actor type="Organization" class="Authority" key="13618604" keyOID="2.16.840.1.113883.3.1163.2">
    <ShortName>CDC</ShortName>
    <Description>Center for Disease Control</Description>
  </Actor>
  <Patient key="9721004" keyOID="2.16.840.1.113883.3.1163.2">
    <OwnerActor type="Organization" class="CMO" key="8154013" keyOID="2.16.840.1.113883.3.1163.2" />
    <Description>Cayote, Wiley  (137227)</Description>
    <Relationship type="CMO Patient">
      <Actor type="Organization" class="CMO" key="8154013" keyOID="2.16.840.1.113883.3.1163.2" />
      <Begin>2014-03-21T00:00:00</Begin>
    </Relationship>
    <Relationship type="CMO Patient">
      <Actor type="Organization" class="CMO" key="8154013" keyOID="2.16.840.1.113883.3.1163.2" />
      <Begin>2014-03-21T00:00:00</Begin>
      <End>2018-11-17T00:00:00</End>
    </Relationship>
    <Relationship type="Patient">
      <Actor type="Person" class="Provider" key="9715061" keyOID="2.16.840.1.113883.3.1163.2" />
      <Begin>2014-03-21T00:00:00</Begin>
    </Relationship>
    <Relationship type="Patient">
      <Actor type="Person" class="Provider" key="9715061" keyOID="2.16.840.1.113883.3.1163.2" />
      <Begin>2014-03-21T00:00:00</Begin>
    </Relationship>
    <UniversalKey>
      <OwnerActor type="Organization" class="CMO" key="8154013" keyOID="2.16.840.1.113883.3.1163.2" />
      <Domain>2.16.840.1.113883.3.227.2.1</Domain>
      <OID>2.16.840.1.113883.3.227.2.1</OID>
      <Key>6888-13782-3849</Key>
    </UniversalKey>
    <UniversalKey>
      <OwnerActor type="Organization" class="CMO" key="8154013" keyOID="2.16.840.1.113883.3.1163.2" />
      <Domain>Property.Payer.Property.Payer.Policy Number</Domain>
      <Key>123456789</Key>
    </UniversalKey>
    <Property name="Gender">
      <Value>M</Value>
    </Property>
    <Property name="DateOfBirth">
      <Value>1998-01-01</Value>
    </Property>
    <Property name="Address Line 1">
      <Value>34 Peachtree St.</Value>
    </Property>
    <Property name="Address City">
      <Value>Atlanta</Value>
    </Property>
    <Property name="Address State">
      <Value>GA</Value>
    </Property>
    <Property name="Address Zip">
      <Value>30303</Value>
    </Property>
    <Property name="Ethnicity">
      <Value>Not Hispanic Or Latino</Value>
    </Property>
    <Property name="FirstName">
      <Value>Wiley</Value>
    </Property>
    <Property name="LastName">
      <Value>Cayote</Value>
    </Property>
    <Property name="Medicare Part-B-RR Patient">
      <Value>No</Value>
    </Property>
    <Property name="Medicare Patient">
      <Value>No</Value>
    </Property>
    <Property name="Race">
      <Value>Black Or African American</Value>
    </Property>
    <Program id="143" name="2017 Clinical Quality Measures">
      <Guideline id="1219" name="Breast Cancer Screening (BCS)">
        <Measure id="2504" name="Breast Cancer Screening" />
      </Guideline>
      <Guideline id="1220" name="Colorectal Cancer Screening (COL)">
        <Measure id="2505" name="Colorectal Cancer Screening" />
      </Guideline>
      <Guideline id="1228" name="Well Child Visits - 3 - 6 Years (W34)">
        <Measure id="2531" name="Well Child Visits - 3 - 6 Years">
          <Evidence key="56650547" />
          <Evidence key="56650550" />
          <Evidence key="440895765" />
        </Measure>
      </Guideline>
      <Guideline id="1239" name="Disease Modifying Anti-Rheumatic Drug Therapy (ART), 2017">
        <Measure id="2548" name="Disease Modifying Anti-Rheumatic Drug Therapy (ART), 2017" />
      </Guideline>
      <Guideline id="1246" name="Comprehensive Diabetes Care (CDC)">
        <Measure id="2577" name="Diabetic Pts w/Hb A1c Screen w/in 12 Mos" />
        <Measure id="2578" name="Diabetic Pts w/Hb A1c Poor Control (&gt;9%)" />
        <Measure id="2579" name="Diabetic Pts w/Hb A1c Good Control (&lt;8%)" />
        <Measure id="2580" name="Diabetic Pts w/Hb A1c  &lt;7% - Selected Pop" />
        <Measure id="2581" name="Diabetic Pts w/Retinal Exam" />
        <Measure id="2582" name="Diabetic Pts w/Blood Pressure Under Control">
          <Evidence key="21775441" />
          <Evidence key="21775451" />
          <Evidence key="21775457" />
          <Evidence key="21775464" />
          <Evidence key="21779183" />
          <Evidence key="21779184" />
          <Evidence key="21779185" />
          <Evidence key="21779186" />
          <Evidence key="440895736" />
          <Evidence key="441842988" />
        </Measure>
        <Measure id="2583" name="Diabetic Pts w/Medical Attn for Nephropathy" />
      </Guideline>
      <Guideline id="1275" name="Chlamydia Screening (CHL)">
        <Measure id="2631" name="Chlamydia Screening for Women (&gt;= 16 to &lt; 25 yrs)" />
        <Measure id="2644" name="Chlamydia Screening for Women (&gt;= 16 to &lt; 21 yrs)" />
        <Measure id="2645" name="Chlamydia Screening for Women (&gt;= 21 to &lt; 25 yrs)" />
      </Guideline>
      <Guideline id="1295" name="Adolescent Well Child Visits">
        <Measure id="2692" name="Adolescent Well Child Visits">
          <MeasureClass ipp="yes" denominator="yes" numerator="no" exclusion="no" exception="no" gic="yes" />
          <Evidence key="56650547" />
          <Evidence key="56650550" />
          <Evidence key="440895765" />
        </Measure>
      </Guideline>
      <Guideline id="1324" name="Controlling High Blood Pressure (CBP), 2017">
        <Measure id="2755" name="Controlling High Blood Pressure, 2017">
          <Evidence key="21775441" />
          <Evidence key="21775451" />
          <Evidence key="21775457" />
          <Evidence key="21775464" />
          <Evidence key="21775473" />
          <Evidence key="21779182" />
          <Evidence key="21779183" />
          <Evidence key="21779184" />
          <Evidence key="21779185" />
          <Evidence key="21779186" />
          <Evidence key="440895736" />
          <Evidence key="441842988" />
        </Measure>
      </Guideline>
      <Guideline id="1372" name="Antidepressant Medication Management (AMM), 2016">
        <Measure id="2851" name="Anti-depressant medication management: (a) Effective Acute Phase Treatment, 2017">
          <MeasureClass ipp="yes" denominator="yes" numerator="no" exclusion="no" exception="no" gic="yes" />
          <Evidence key="440895765" />
        </Measure>
        <Measure id="2852" name="Anti-depressant medication management:(b)Effective Continuation Phase Treatment, 2017">
          <MeasureClass ipp="yes" denominator="yes" numerator="no" exclusion="no" exception="no" gic="yes" />
          <Evidence key="440895765" />
        </Measure>
      </Guideline>
    </Program>
    <Program id="157" name="2017 Clinical Quality Program 2">
      <Guideline id="1186" name="Diabetes: Hemoglobin A1c Poor Control">
        <Measure id="2422" name="Diabetes: Hemoglobin A1c (HbA1c) Poor Control (&gt; 9%)">
          <Evidence key="21779164" />
          <Evidence key="56650546" />
          <Evidence key="56650547" />
          <Evidence key="56650548" />
          <Evidence key="56650549" />
          <Evidence key="56650550" />
          <Evidence key="440895765" />
        </Measure>
      </Guideline>
      <Guideline id="1260" name="Breast Cancer Screening">
        <Measure id="2611" name="Breast Cancer Screening for Women 51 - 74 Years">
          <Evidence key="21779164" />
          <Evidence key="56650546" />
          <Evidence key="56650547" />
          <Evidence key="56650548" />
          <Evidence key="56650549" />
          <Evidence key="56650550" />
          <Evidence key="440895765" />
        </Measure>
      </Guideline>
      <Guideline id="1261" name="Preventive Care and Screening: Tobacco Use: Screening and Cessation Intervention">
        <Measure id="2612" name="Preventive Care &amp; Screening: Tobacco Use: Screening &amp; Cessation Intervention">
          <Evidence key="21779164" />
          <Evidence key="56650546" />
          <Evidence key="56650547" />
          <Evidence key="56650548" />
          <Evidence key="56650549" />
          <Evidence key="56650550" />
          <Evidence key="440895765" />
        </Measure>
      </Guideline>
      <Guideline id="1263" name="Preventive Care &amp; Screening: Influenza Immunization">
        <Measure id="2614" name="Preventive Care &amp; Screening: Influenza Immunization (Flu Season 2017)">
          <Evidence key="21779164" />
          <Evidence key="56650546" />
          <Evidence key="56650547" />
          <Evidence key="56650548" />
          <Evidence key="56650549" />
          <Evidence key="56650550" />
          <Evidence key="440895765" />
        </Measure>
      </Guideline>
      <Guideline id="1266" name="Diabetes: Medical Attention for Nephropathy">
        <Measure id="2617" name="Diabetes: Medical Attention for Nephropathy">
          <Evidence key="21779164" />
          <Evidence key="56650546" />
          <Evidence key="56650547" />
          <Evidence key="56650548" />
          <Evidence key="56650549" />
          <Evidence key="56650550" />
          <Evidence key="440895765" />
        </Measure>
      </Guideline>
      <Guideline id="1267" name="Preventive Care &amp; Screening: Body Mass Index (BMI) Screening and Follow-up">
        <Measure id="2619" name="BMI Screening and Follow-Up  &gt;=18 yrs">
          <Evidence key="21775441" />
          <Evidence key="21775451" />
          <Evidence key="21775457" />
          <Evidence key="21775464" />
          <Evidence key="21775473" />
          <Evidence key="21779164" />
          <Evidence key="56650546" />
          <Evidence key="56650547" />
          <Evidence key="56650548" />
          <Evidence key="56650549" />
          <Evidence key="56650550" />
          <Evidence key="440895736" />
          <Evidence key="440895765" />
        </Measure>
      </Guideline>
      <Guideline id="1283" name="Cervical Cancer Screening">
        <Measure id="2659" name="Cervical Cancer Screening">
          <Evidence key="21779164" />
          <Evidence key="56650546" />
          <Evidence key="56650547" />
          <Evidence key="56650548" />
          <Evidence key="56650549" />
          <Evidence key="56650550" />
          <Evidence key="440895765" />
        </Measure>
      </Guideline>
      <Guideline id="1288" name="Chlamydia Screening for Women, 2017">
        <Measure id="2664" name="Chlamydia Screening for Women (&gt;= 16 to &lt; 24 yrs)">
          <Evidence key="21779164" />
          <Evidence key="56650546" />
          <Evidence key="56650547" />
          <Evidence key="56650548" />
          <Evidence key="56650549" />
          <Evidence key="56650550" />
          <Evidence key="440895765" />
        </Measure>
        <Measure id="2665" name="Chlamydia Screening for Women (&gt;= 16 to &lt; 20 yrs)">
          <Evidence key="21779164" />
          <Evidence key="56650546" />
          <Evidence key="56650547" />
          <Evidence key="56650548" />
          <Evidence key="56650549" />
          <Evidence key="56650550" />
          <Evidence key="440895765" />
        </Measure>
        <Measure id="2666" name="Chlamydia Screening for Women (&gt;= 20 to &lt; 24 yrs)">
          <Evidence key="21779164" />
          <Evidence key="56650546" />
          <Evidence key="56650547" />
          <Evidence key="56650548" />
          <Evidence key="56650549" />
          <Evidence key="56650550" />
          <Evidence key="440895765" />
        </Measure>
      </Guideline>
      <Guideline id="1289" name="Colorectal Cancer Screening">
        <Measure id="2667" name="Colorectal Cancer Screening">
          <Evidence key="21779164" />
          <Evidence key="56650546" />
          <Evidence key="56650547" />
          <Evidence key="56650548" />
          <Evidence key="56650549" />
          <Evidence key="56650550" />
          <Evidence key="440895765" />
        </Measure>
      </Guideline>
      <Guideline id="1292" name="Weight Assessment &amp; Counseling for Children &amp; Adolescents">
        <Measure id="2670" name="Youth Weight Assessment-  Height, Weight, and BMI%ile calculated  (Age 3- 17 yrs)">
          <Evidence key="21775395" />
          <Evidence key="21775441" />
          <Evidence key="21775451" />
          <Evidence key="21775457" />
          <Evidence key="21775464" />
          <Evidence key="21775473" />
          <Evidence key="21779164" />
          <Evidence key="56650546" />
          <Evidence key="56650547" />
          <Evidence key="56650548" />
          <Evidence key="56650549" />
          <Evidence key="56650550" />
          <Evidence key="440895736" />
          <Evidence key="440895765" />
        </Measure>
        <Measure id="2671" name="Youth Weight Assessment- Nutrition counseling (Age 3- 17 yrs)">
          <Evidence key="21779164" />
          <Evidence key="56650546" />
          <Evidence key="56650547" />
          <Evidence key="56650548" />
          <Evidence key="56650549" />
          <Evidence key="56650550" />
          <Evidence key="440895765" />
        </Measure>
        <Measure id="2672" name="Youth Weight Assessment- Physical activity counseling (Age 3- 17 yrs)">
          <Evidence key="21779164" />
          <Evidence key="56650546" />
          <Evidence key="56650547" />
          <Evidence key="56650548" />
          <Evidence key="56650549" />
          <Evidence key="56650550" />
          <Evidence key="440895765" />
        </Measure>
        <Measure id="2673" name="Youth Weight Assessment-  Height, Weight, and BMI%ile calculated  (Age 3- 11 yrs)">
          <Evidence key="21775395" />
          <Evidence key="21775441" />
          <Evidence key="21775451" />
          <Evidence key="21775457" />
          <Evidence key="21775464" />
          <Evidence key="21775473" />
          <Evidence key="21779164" />
          <Evidence key="56650546" />
          <Evidence key="56650547" />
          <Evidence key="56650548" />
          <Evidence key="56650549" />
          <Evidence key="56650550" />
          <Evidence key="440895736" />
          <Evidence key="440895765" />
        </Measure>
        <Measure id="2674" name="Youth Weight Assessment- Nutrition counseling (Age 3- 11 yrs)">
          <Evidence key="21779164" />
          <Evidence key="56650546" />
          <Evidence key="56650547" />
          <Evidence key="56650548" />
          <Evidence key="56650549" />
          <Evidence key="56650550" />
          <Evidence key="440895765" />
        </Measure>
        <Measure id="2675" name="Youth Weight Assessment- Physical activity counseling (Age 3- 11 yrs)">
          <Evidence key="21779164" />
          <Evidence key="56650546" />
          <Evidence key="56650547" />
          <Evidence key="56650548" />
          <Evidence key="56650549" />
          <Evidence key="56650550" />
          <Evidence key="440895765" />
        </Measure>
        <Measure id="2676" name="Youth Weight Assessment-  Height, Weight, and BMI%ile calculated  (Age 12- 17 yrs)">
          <Evidence key="21775395" />
          <Evidence key="21775441" />
          <Evidence key="21775451" />
          <Evidence key="21775457" />
          <Evidence key="21775464" />
          <Evidence key="21775473" />
          <Evidence key="21779164" />
          <Evidence key="56650546" />
          <Evidence key="56650547" />
          <Evidence key="56650548" />
          <Evidence key="56650549" />
          <Evidence key="56650550" />
          <Evidence key="440895736" />
          <Evidence key="440895765" />
        </Measure>
        <Measure id="2677" name="Youth Weight Assessment- Nutrition counseling (Age 12- 17 yrs)">
          <Evidence key="21779164" />
          <Evidence key="56650546" />
          <Evidence key="56650547" />
          <Evidence key="56650548" />
          <Evidence key="56650549" />
          <Evidence key="56650550" />
          <Evidence key="440895765" />
        </Measure>
        <Measure id="2678" name="Youth Weight Assessment- Physical activity counseling (Age 12- 17 yrs)">
          <Evidence key="21779164" />
          <Evidence key="56650546" />
          <Evidence key="56650547" />
          <Evidence key="56650548" />
          <Evidence key="56650549" />
          <Evidence key="56650550" />
          <Evidence key="440895765" />
        </Measure>
      </Guideline>
      <Guideline id="1308" name="Diabetes: Foot Exam">
        <Measure id="2725" name="Diabetes: Foot Exam">
          <Evidence key="21779164" />
          <Evidence key="56650546" />
          <Evidence key="56650547" />
          <Evidence key="56650548" />
          <Evidence key="56650549" />
          <Evidence key="56650550" />
          <Evidence key="440895765" />
        </Measure>
      </Guideline>
      <Guideline id="1313" name="Childhood Immunization Status, 2017">
        <Measure id="2744" name="Childhood Immunization Status: DTaP, IPV, MMR, HiB, HepB, VZV, PCV, Hep A, RV, Influenza">
          <Evidence key="21775545" />
          <Evidence key="21779164" />
          <Evidence key="56650546" />
          <Evidence key="56650547" />
          <Evidence key="56650548" />
          <Evidence key="56650549" />
          <Evidence key="56650550" />
          <Evidence key="440895765" />
          <Evidence key="585901973" />
        </Measure>
      </Guideline>
      <Guideline id="1327" name="Controlling High Blood Pressure, 2017">
        <Measure id="2764" name="Controlling High Blood Pressure">
          <Evidence key="21775441" />
          <Evidence key="21775451" />
          <Evidence key="21775457" />
          <Evidence key="21775464" />
          <Evidence key="21775473" />
          <Evidence key="21779164" />
          <Evidence key="21779182" />
          <Evidence key="21779183" />
          <Evidence key="21779184" />
          <Evidence key="21779185" />
          <Evidence key="21779186" />
          <Evidence key="56650546" />
          <Evidence key="56650547" />
          <Evidence key="56650548" />
          <Evidence key="56650549" />
          <Evidence key="56650550" />
          <Evidence key="440895736" />
          <Evidence key="440895765" />
          <Evidence key="441842988" />
        </Measure>
      </Guideline>
      <Guideline id="1329" name="Use of Imaging Studies for Low Back Pain - 2017">
        <Measure id="2766" name="Use of Imaging Study: Low Back Pain" />
      </Guideline>
      <Guideline id="1339" name="Preventive Care &amp; Screening: Screening for Clinical Depression &amp; Follow-Up Plan">
        <Measure id="2778" name="Pts Screened for Depression w/in 12 Mos And If Pos, Follow-up Documented">
          <Evidence key="21775545" />
          <Evidence key="21779164" />
          <Evidence key="56650546" />
          <Evidence key="56650547" />
          <Evidence key="56650548" />
          <Evidence key="56650549" />
          <Evidence key="56650550" />
          <Evidence key="440895765" />
          <Evidence key="585901973" />
        </Measure>
      </Guideline>
      <Guideline id="1340" name="Diabetes: Eye Exam">
        <Measure id="2779" name="Diabetes: Eye Exam">
          <Evidence key="21779164" />
          <Evidence key="56650546" />
          <Evidence key="56650547" />
          <Evidence key="56650548" />
          <Evidence key="56650549" />
          <Evidence key="56650550" />
          <Evidence key="440895765" />
        </Measure>
      </Guideline>
      <Guideline id="1343" name="Medication Management for People With Asthma (ages 5 - 64)">
        <Measure id="2783" name="Medication Management for People With Asthma (5-64)  - 75% Days Covered">
          <Evidence key="21775663" />
        </Measure>
        <Measure id="2853" name="Medication Management for People With Asthma (5-18)  - 75% Days Covered">
          <Evidence key="21775663" />
        </Measure>
        <Measure id="2854" name="Medication Management for People With Asthma (19-64)  - 75% Days Covered">
          <Evidence key="21775663" />
        </Measure>
      </Guideline>
      <Guideline id="1349" name="Comprehensive Diabetes Care: Hemoglobin A1c Control (&lt;8%)">
        <Measure id="2804" name="Comprehensive Diabetes Care: Hemoglobin A1c Control (&lt;8%)">
          <Evidence key="21779164" />
          <Evidence key="56650546" />
          <Evidence key="56650547" />
          <Evidence key="56650548" />
          <Evidence key="56650549" />
          <Evidence key="56650550" />
          <Evidence key="440895765" />
        </Measure>
      </Guideline>
      <Guideline id="1351" name="Adherence to Statins for Individual with Diabetes Mellitus">
        <Measure id="2807" name="Adherence to Statins for Individuals with Diabetes Mellitus" />
      </Guideline>
      <Guideline id="1353" name="Statin Therapy for Patients with Cardiovascular Disease (SPC), 2017">
        <Measure id="2809" name="Statin Therapy for Patients With Cardiovascular Disease - Statin Therapy, Total" />
        <Measure id="2810" name="Statin Therapy for Patients With Cardiovascular Disease - PDC of at least 80%, Total" />
        <Measure id="2811" name="Statin Therapy for Patients With Cardiovascular Disease - Statin Therapy, Males" />
        <Measure id="2812" name="Statin Therapy for Patients With Cardiovascular Disease - PDC of at least 80%, Males" />
        <Measure id="2813" name="Statin Therapy for Patients With Cardiovascular Disease - Statin Therapy, Females" />
        <Measure id="2814" name="Statin Therapy for Patients With Cardiovascular Disease - PDC of at least 80%, Females" />
      </Guideline>
      <Guideline id="1354" name="Avoid Antibiotic Treatment in Adults with Acute Bronchitis">
        <Measure id="2815" name="Avoid Antibiotic Treatment in Adults w/ Bronchitis-Episodes">
          <Evidence key="21779164" />
          <Evidence key="56650546" />
          <Evidence key="56650547" />
          <Evidence key="56650548" />
          <Evidence key="56650549" />
          <Evidence key="56650550" />
          <Evidence key="440895765" />
        </Measure>
      </Guideline>
      <Guideline id="1356" name="Initiation and Engagement of Alcohol and Other Drug Dependence Treatment, 2017">
        <Measure id="2817" name="Alcohol and Drug Dependence (a) Initiation (Age &gt; =13 yrs) 2017" />
        <Measure id="2818" name="Alcohol and Drug Dependence (b) Engagement (Age &gt;= 13 yrs) 2017" />
        <Measure id="2819" name="Alcohol and Drug Dependence (a) Initiation (Age &gt; =18 yrs) 2017" />
        <Measure id="2820" name="Alcohol and Drug Dependence (b) Engagement (Age &gt;= 18 yrs) 2017" />
        <Measure id="2821" name="Alcohol and Drug Dependence (a) Initiation (Age 13 - 17 yrs) 2017" />
        <Measure id="2822" name="Alcohol and Drug Dependence (b) Engagement (Age 13 - 17 yrs) 2017" />
      </Guideline>
      <Guideline id="1361" name="Adherence to Mood Stabilizers for Individuals with Bipolar I Disorder">
        <Measure id="2834" name="Adherence to Mood Stabilizers for Individuals with Bipolar I Disorder" />
      </Guideline>
      <Guideline id="1366" name="Diabetes Screening for Pts w/Schizophrenia/Bipolar Using Antipsychotic RX">
        <Measure id="2838" name="Diabetes Screening for Pts w/Schizophrenia/Bipolar Using Antipsychotic RX">
          <Evidence key="21775615" />
          <Evidence key="585902015" />
        </Measure>
      </Guideline>
    </Program>
    <Object class="Encounter" key="21779164">
      <Begin>2014-03-24T00:00:00</Begin>
      <End>2014-03-24T00:00:00</End>
      <Property name="Property.Encounter Type.Description">
        <DateTime>2014-03-24T00:00:00</DateTime>
        <Value>Office Visit</Value>
        <UniversalKey>
          <OwnerActor type="Organization" class="Authority" key="0" keyOID="2.16.840.1.113883.3.1163.2" />
          <Domain>CPT</Domain>
          <OID>2.16.840.1.113883.6.12</OID>
          <Key>99213</Key>
          <Description>99213</Description>
        </UniversalKey>
      </Property>
    </Object>
    <Object class="Encounter" key="56650546">
      <Begin>2015-06-03T00:00:00</Begin>
      <Property name="CPT-4">
        <DateTime>2015-06-03T00:00:00</DateTime>
        <Value>99213</Value>
        <UniversalKey>
          <OwnerActor type="Organization" class="Authority" key="3042887" keyOID="2.16.840.1.113883.3.1163.2" />
          <Domain>CPT</Domain>
          <Key>99213</Key>
          <Description>Established patient office or other outpatient visit, typically 15 minutes</Description>
        </UniversalKey>
      </Property>
    </Object>
    <Object class="Encounter" key="56650547">
      <Begin>2015-04-20T00:00:00</Begin>
      <Property name="Description">
        <DateTime>2015-04-20T00:00:00</DateTime>
        <Value>Office Visit</Value>
        <UniversalKey>
          <OwnerActor type="Organization" class="Authority" key="3042887" keyOID="2.16.840.1.113883.3.1163.2" />
          <Domain>CPT</Domain>
          <Key>99213</Key>
          <Description>Established patient office or other outpatient visit, typically 15 minutes</Description>
        </UniversalKey>
      </Property>
      <Property name="CPT-4">
        <DateTime>2015-04-20T00:00:00</DateTime>
        <Value>99394</Value>
        <UniversalKey>
          <OwnerActor type="Organization" class="Authority" key="3042887" keyOID="2.16.840.1.113883.3.1163.2" />
          <Domain>CPT</Domain>
          <Key>99394</Key>
          <Description>Established patient periodic preventive medicine examination, age 12 through 17 years</Description>
        </UniversalKey>
      </Property>
    </Object>
    <Object class="Encounter" key="56650548">
      <Begin>2014-06-27T00:00:00</Begin>
      <Property name="CPT-4">
        <DateTime>2014-06-27T00:00:00</DateTime>
        <Value>99214</Value>
        <UniversalKey>
          <OwnerActor type="Organization" class="Authority" key="3042887" keyOID="2.16.840.1.113883.3.1163.2" />
          <Domain>CPT</Domain>
          <Key>99214</Key>
          <Description>Established patient office or other outpatient, visit typically 25 minutes</Description>
        </UniversalKey>
      </Property>
    </Object>
    <Object class="Encounter" key="56650549">
      <Begin>2014-05-14T00:00:00</Begin>
      <Property name="CPT-4">
        <DateTime>2014-05-14T00:00:00</DateTime>
        <Value>99213</Value>
        <UniversalKey>
          <OwnerActor type="Organization" class="Authority" key="3042887" keyOID="2.16.840.1.113883.3.1163.2" />
          <Domain>CPT</Domain>
          <Key>99213</Key>
          <Description>Established patient office or other outpatient visit, typically 15 minutes</Description>
        </UniversalKey>
      </Property>
    </Object>
    <Object class="Encounter" key="56650550">
      <Begin>2014-03-21T00:00:00</Begin>
      <Property name="Description">
        <DateTime>2014-03-21T00:00:00</DateTime>
        <Value>Office Visit</Value>
        <UniversalKey>
          <OwnerActor type="Organization" class="Authority" key="3042887" keyOID="2.16.840.1.113883.3.1163.2" />
          <Domain>CPT</Domain>
          <Key>99213</Key>
          <Description>Established patient office or other outpatient visit, typically 15 minutes</Description>
        </UniversalKey>
      </Property>
      <Property name="CPT-4">
        <DateTime>2014-03-21T00:00:00</DateTime>
        <Value>99384</Value>
        <UniversalKey>
          <OwnerActor type="Organization" class="Authority" key="3042887" keyOID="2.16.840.1.113883.3.1163.2" />
          <Domain>CPT</Domain>
          <Key>99384</Key>
          <Description>Initial new patient preventive medicine evaluation, age 12 through 17 years</Description>
        </UniversalKey>
      </Property>
    </Object>
    <Object class="Encounter" key="440895765">
      <Begin>2016-11-17T00:00:00</Begin>
      <Property name="CPT-4">
        <DateTime>2016-11-17T00:00:00</DateTime>
        <Value>99395</Value>
        <UniversalKey>
          <OwnerActor type="Organization" class="Authority" key="3042887" keyOID="2.16.840.1.113883.3.1163.2" />
          <Domain>CPT</Domain>
          <Key>99395</Key>
          <Description>Established patient periodic preventive medicine examination age 18-39 years</Description>
        </UniversalKey>
      </Property>
      <Property name="Description">
        <DateTime>2016-11-17T00:00:00</DateTime>
        <Value>Office Visit</Value>
        <UniversalKey>
          <OwnerActor type="Organization" class="Authority" key="3042887" keyOID="2.16.840.1.113883.3.1163.2" />
          <Domain>CPT</Domain>
          <Key>99213</Key>
          <Description>Established patient office or other outpatient visit, typically 15 minutes</Description>
        </UniversalKey>
      </Property>
    </Object>
    <Object class="Lab" key="21775545">
      <Begin>2015-04-20T00:00:00</Begin>
      <Property name="Establish Office Visit Comp LVL 3">
        <DateTime>2015-04-20T00:00:00</DateTime>
        <Value>590.000000</Value>
        <UniversalKey>
          <OwnerActor type="Organization" class="Authority" key="3042887" keyOID="2.16.840.1.113883.3.1163.2" />
          <Domain>CPT</Domain>
          <Key>99213</Key>
          <Description>Established patient office or other outpatient visit, typically 15 minutes</Description>
        </UniversalKey>
      </Property>
    </Object>
    <Object class="Lab" key="21775615">
      <Begin>2014-03-24T00:00:00</Begin>
      <Property name="Description">
        <DateTime>2014-03-24T00:00:00</DateTime>
        <Value>Basic Metabolic Panel</Value>
        <UniversalKey>
          <OwnerActor type="Organization" class="Authority" key="3042887" keyOID="2.16.840.1.113883.3.1163.2" />
          <Domain>CPT</Domain>
          <Key>80047</Key>
          <Description>Blood test, basic group of blood chemicals</Description>
        </UniversalKey>
      </Property>
    </Object>
    <Object class="Lab" key="585901973">
      <Begin>2016-11-17T00:00:00</Begin>
      <Property name="Establish Office Visit Comp LVL 3">
        <DateTime>2016-11-17T00:00:00</DateTime>
        <Value>610.000000</Value>
        <UniversalKey>
          <OwnerActor type="Organization" class="Authority" key="3042887" keyOID="2.16.840.1.113883.3.1163.2" />
          <Domain>CPT</Domain>
          <Key>99213</Key>
          <Description>Established patient office or other outpatient visit, typically 15 minutes</Description>
        </UniversalKey>
      </Property>
    </Object>
    <Object class="Lab" key="585902015">
      <Begin>2016-11-17T00:00:00</Begin>
      <Property name="Description">
        <DateTime>2016-11-17T00:00:00</DateTime>
        <Value>Comp Metabolic Panel</Value>
        <UniversalKey>
          <OwnerActor type="Organization" class="Authority" key="3042887" keyOID="2.16.840.1.113883.3.1163.2" />
          <Domain>CPT</Domain>
          <Key>80053</Key>
          <Description>Blood test, comprehensive group of blood chemicals</Description>
        </UniversalKey>
      </Property>
    </Object>
    <Object class="Medication" key="21775663">
      <Begin>2014-03-21T00:00:00</Begin>
      <Property name="RxNorm">
        <DateTime>2014-03-21T00:00:00</DateTime>
        <Value>1797870</Value>
        <UniversalKey>
          <OwnerActor type="Organization" class="Authority" key="0" keyOID="2.16.840.1.113883.3.1163.2" />
          <Domain>RxNorm</Domain>
          <OID>2.16.840.1.113883.6.88</OID>
          <Key>108118</Key>
          <Description>Mometasone</Description>
        </UniversalKey>
      </Property>
    </Object>
    <Object class="Patient" key="21775395">
      <Begin>1998-03-04T00:00:00</Begin>
      <Property name="Gender">
        <DateTime>1998-03-04T00:00:00</DateTime>
        <Value>M</Value>
        <UniversalKey>
          <OwnerActor type="Organization" class="Authority" key="3530035" keyOID="2.16.840.1.113883.3.1163.2" />
          <Domain>AdministrativeGender</Domain>
          <OID>2.16.840.1.113883.5.1</OID>
          <Key>M</Key>
          <Description>Male</Description>
        </UniversalKey>
      </Property>
    </Object>
    <Object class="Vital Signs" key="21775441">
      <Begin>2015-06-03T00:00:00</Begin>
      <Property name="Height">
        <DateTime>2015-06-03T00:00:00</DateTime>
        <Value>69.500000</Value>
        <UniversalKey>
          <OwnerActor type="Organization" class="Authority" key="13618604" keyOID="2.16.840.1.113883.3.1163.2" />
          <Domain>LOINC</Domain>
          <Key>8302-2</Key>
          <Description>Body height</Description>
        </UniversalKey>
      </Property>
      <Property name="Weight">
        <DateTime>2015-06-03T00:00:00</DateTime>
        <Value>229.250000</Value>
        <UniversalKey>
          <OwnerActor type="Organization" class="Authority" key="13618604" keyOID="2.16.840.1.113883.3.1163.2" />
          <Domain>LOINC</Domain>
          <Key>3141-9</Key>
          <Description>Body weight Measured</Description>
        </UniversalKey>
      </Property>
      <Property name="Body Mass Index Percentile">
        <DateTime>2015-06-03T00:00:00</DateTime>
        <Value>99.000000</Value>
        <UniversalKey>
          <OwnerActor type="Organization" class="Authority" key="13618604" keyOID="2.16.840.1.113883.3.1163.2" />
          <Domain>LOINC</Domain>
          <Key>39156-5</Key>
          <Description>Body mass index (BMI) [Ratio]</Description>
        </UniversalKey>
      </Property>
      <Property name="BP Systolic">
        <DateTime>2015-06-03T00:00:00</DateTime>
        <Value>122.000000</Value>
        <UniversalKey>
          <OwnerActor type="Organization" class="Authority" key="13618604" keyOID="2.16.840.1.113883.3.1163.2" />
          <Domain>LOINC</Domain>
          <Key>8480-6</Key>
          <Description>Systolic blood pressure</Description>
        </UniversalKey>
      </Property>
      <Property name="BP Diastolic">
        <DateTime>2015-06-03T00:00:00</DateTime>
        <Value>71.000000</Value>
        <UniversalKey>
          <OwnerActor type="Organization" class="Authority" key="13618604" keyOID="2.16.840.1.113883.3.1163.2" />
          <Domain>LOINC</Domain>
          <Key>8462-4</Key>
          <Description>Diastolic blood pressure</Description>
        </UniversalKey>
      </Property>
    </Object>
    <Object class="Vital Signs" key="21775451">
      <Begin>2015-04-20T00:00:00</Begin>
      <Property name="BP Diastolic">
        <DateTime>2015-04-20T00:00:00</DateTime>
        <Value>62.000000</Value>
        <UniversalKey>
          <OwnerActor type="Organization" class="Authority" key="13618604" keyOID="2.16.840.1.113883.3.1163.2" />
          <Domain>LOINC</Domain>
          <Key>8462-4</Key>
          <Description>Diastolic blood pressure</Description>
        </UniversalKey>
      </Property>
      <Property name="BP Systolic">
        <DateTime>2015-04-20T00:00:00</DateTime>
        <Value>123.000000</Value>
        <UniversalKey>
          <OwnerActor type="Organization" class="Authority" key="13618604" keyOID="2.16.840.1.113883.3.1163.2" />
          <Domain>LOINC</Domain>
          <Key>8480-6</Key>
          <Description>Systolic blood pressure</Description>
        </UniversalKey>
      </Property>
      <Property name="Height">
        <DateTime>2015-04-20T00:00:00</DateTime>
        <Value>69.500000</Value>
        <UniversalKey>
          <OwnerActor type="Organization" class="Authority" key="13618604" keyOID="2.16.840.1.113883.3.1163.2" />
          <Domain>LOINC</Domain>
          <Key>8302-2</Key>
          <Description>Body height</Description>
        </UniversalKey>
      </Property>
      <Property name="Weight">
        <DateTime>2015-04-20T00:00:00</DateTime>
        <Value>230.500000</Value>
        <UniversalKey>
          <OwnerActor type="Organization" class="Authority" key="13618604" keyOID="2.16.840.1.113883.3.1163.2" />
          <Domain>LOINC</Domain>
          <Key>3141-9</Key>
          <Description>Body weight Measured</Description>
        </UniversalKey>
      </Property>
      <Property name="Body Mass Index Percentile">
        <DateTime>2015-04-20T00:00:00</DateTime>
        <Value>99.000000</Value>
        <UniversalKey>
          <OwnerActor type="Organization" class="Authority" key="13618604" keyOID="2.16.840.1.113883.3.1163.2" />
          <Domain>LOINC</Domain>
          <Key>39156-5</Key>
          <Description>Body mass index (BMI) [Ratio]</Description>
        </UniversalKey>
      </Property>
    </Object>
    <Object class="Vital Signs" key="21775457">
      <Begin>2014-06-27T00:00:00</Begin>
      <Property name="Height">
        <DateTime>2014-06-27T00:00:00</DateTime>
        <Value>69.000000</Value>
        <UniversalKey>
          <OwnerActor type="Organization" class="Authority" key="13618604" keyOID="2.16.840.1.113883.3.1163.2" />
          <Domain>LOINC</Domain>
          <Key>8302-2</Key>
          <Description>Body height</Description>
        </UniversalKey>
      </Property>
      <Property name="Weight">
        <DateTime>2014-06-27T00:00:00</DateTime>
        <Value>225.000000</Value>
        <UniversalKey>
          <OwnerActor type="Organization" class="Authority" key="13618604" keyOID="2.16.840.1.113883.3.1163.2" />
          <Domain>LOINC</Domain>
          <Key>3141-9</Key>
          <Description>Body weight Measured</Description>
        </UniversalKey>
      </Property>
      <Property name="Body Mass Index Percentile">
        <DateTime>2014-06-27T00:00:00</DateTime>
        <Value>99.000000</Value>
        <UniversalKey>
          <OwnerActor type="Organization" class="Authority" key="13618604" keyOID="2.16.840.1.113883.3.1163.2" />
          <Domain>LOINC</Domain>
          <Key>39156-5</Key>
          <Description>Body mass index (BMI) [Ratio]</Description>
        </UniversalKey>
      </Property>
      <Property name="BP Systolic">
        <DateTime>2014-06-27T00:00:00</DateTime>
        <Value>122.000000</Value>
        <UniversalKey>
          <OwnerActor type="Organization" class="Authority" key="13618604" keyOID="2.16.840.1.113883.3.1163.2" />
          <Domain>LOINC</Domain>
          <Key>8480-6</Key>
          <Description>Systolic blood pressure</Description>
        </UniversalKey>
      </Property>
      <Property name="BP Diastolic">
        <DateTime>2014-06-27T00:00:00</DateTime>
        <Value>72.000000</Value>
        <UniversalKey>
          <OwnerActor type="Organization" class="Authority" key="13618604" keyOID="2.16.840.1.113883.3.1163.2" />
          <Domain>LOINC</Domain>
          <Key>8462-4</Key>
          <Description>Diastolic blood pressure</Description>
        </UniversalKey>
      </Property>
    </Object>
    <Object class="Vital Signs" key="21775464">
      <Begin>2014-05-14T00:00:00</Begin>
      <Property name="BP Diastolic">
        <DateTime>2014-05-14T00:00:00</DateTime>
        <Value>69.000000</Value>
        <UniversalKey>
          <OwnerActor type="Organization" class="Authority" key="13618604" keyOID="2.16.840.1.113883.3.1163.2" />
          <Domain>LOINC</Domain>
          <Key>8462-4</Key>
          <Description>Diastolic blood pressure</Description>
        </UniversalKey>
      </Property>
      <Property name="BP Systolic">
        <DateTime>2014-05-14T00:00:00</DateTime>
        <Value>121.000000</Value>
        <UniversalKey>
          <OwnerActor type="Organization" class="Authority" key="13618604" keyOID="2.16.840.1.113883.3.1163.2" />
          <Domain>LOINC</Domain>
          <Key>8480-6</Key>
          <Description>Systolic blood pressure</Description>
        </UniversalKey>
      </Property>
      <Property name="Height">
        <DateTime>2014-05-14T00:00:00</DateTime>
        <Value>69.000000</Value>
        <UniversalKey>
          <OwnerActor type="Organization" class="Authority" key="13618604" keyOID="2.16.840.1.113883.3.1163.2" />
          <Domain>LOINC</Domain>
          <Key>8302-2</Key>
          <Description>Body height</Description>
        </UniversalKey>
      </Property>
      <Property name="Weight">
        <DateTime>2014-05-14T00:00:00</DateTime>
        <Value>229.000000</Value>
        <UniversalKey>
          <OwnerActor type="Organization" class="Authority" key="13618604" keyOID="2.16.840.1.113883.3.1163.2" />
          <Domain>LOINC</Domain>
          <Key>3141-9</Key>
          <Description>Body weight Measured</Description>
        </UniversalKey>
      </Property>
      <Property name="Body Mass Index Percentile">
        <DateTime>2014-05-14T00:00:00</DateTime>
        <Value>98.000000</Value>
        <UniversalKey>
          <OwnerActor type="Organization" class="Authority" key="13618604" keyOID="2.16.840.1.113883.3.1163.2" />
          <Domain>LOINC</Domain>
          <Key>39156-5</Key>
          <Description>Body mass index (BMI) [Ratio]</Description>
        </UniversalKey>
      </Property>
    </Object>
    <Object class="Vital Signs" key="21775473">
      <Begin>2014-03-21T00:00:00</Begin>
      <Property name="Height">
        <DateTime>2014-03-21T00:00:00</DateTime>
        <Value>69.000000</Value>
        <UniversalKey>
          <OwnerActor type="Organization" class="Authority" key="13618604" keyOID="2.16.840.1.113883.3.1163.2" />
          <Domain>LOINC</Domain>
          <Key>8302-2</Key>
          <Description>Body height</Description>
        </UniversalKey>
      </Property>
      <Property name="Weight">
        <DateTime>2014-03-21T00:00:00</DateTime>
        <Value>236.000000</Value>
        <UniversalKey>
          <OwnerActor type="Organization" class="Authority" key="13618604" keyOID="2.16.840.1.113883.3.1163.2" />
          <Domain>LOINC</Domain>
          <Key>3141-9</Key>
          <Description>Body weight Measured</Description>
        </UniversalKey>
      </Property>
      <Property name="Body Mass Index Percentile">
        <DateTime>2014-03-21T00:00:00</DateTime>
        <Value>99.000000</Value>
        <UniversalKey>
          <OwnerActor type="Organization" class="Authority" key="13618604" keyOID="2.16.840.1.113883.3.1163.2" />
          <Domain>LOINC</Domain>
          <Key>39156-5</Key>
          <Description>Body mass index (BMI) [Ratio]</Description>
        </UniversalKey>
      </Property>
      <Property name="BP Systolic">
        <DateTime>2014-03-21T00:00:00</DateTime>
        <Value>150.000000</Value>
        <UniversalKey>
          <OwnerActor type="Organization" class="Authority" key="13618604" keyOID="2.16.840.1.113883.3.1163.2" />
          <Domain>LOINC</Domain>
          <Key>8480-6</Key>
          <Description>Systolic blood pressure</Description>
        </UniversalKey>
      </Property>
      <Property name="BP Diastolic">
        <DateTime>2014-03-21T00:00:00</DateTime>
        <Value>76.000000</Value>
        <UniversalKey>
          <OwnerActor type="Organization" class="Authority" key="13618604" keyOID="2.16.840.1.113883.3.1163.2" />
          <Domain>LOINC</Domain>
          <Key>8462-4</Key>
          <Description>Diastolic blood pressure</Description>
        </UniversalKey>
      </Property>
    </Object>
    <Object class="Vital Signs" key="21779182">
      <Begin>2014-03-21T00:00:00</Begin>
      <End>2014-03-21T00:00:00</End>
      <Property name="BP Systolic">
        <DateTime>2014-03-21T00:00:00</DateTime>
        <Value>150.000000</Value>
        <UniversalKey>
          <OwnerActor type="Organization" class="Authority" key="13618604" keyOID="2.16.840.1.113883.3.1163.2" />
          <Domain>LOINC</Domain>
          <Key>8480-6</Key>
          <Description>Systolic blood pressure</Description>
        </UniversalKey>
      </Property>
      <Property name="BP Diastolic">
        <DateTime>2014-03-21T00:00:00</DateTime>
        <Value>76.000000</Value>
        <UniversalKey>
          <OwnerActor type="Organization" class="Authority" key="13618604" keyOID="2.16.840.1.113883.3.1163.2" />
          <Domain>LOINC</Domain>
          <Key>8462-4</Key>
          <Description>Diastolic blood pressure</Description>
        </UniversalKey>
      </Property>
    </Object>
    <Object class="Vital Signs" key="21779183">
      <Begin>2014-05-14T00:00:00</Begin>
      <End>2014-05-14T00:00:00</End>
      <Property name="BP Systolic">
        <DateTime>2014-05-14T00:00:00</DateTime>
        <Value>121.000000</Value>
        <UniversalKey>
          <OwnerActor type="Organization" class="Authority" key="13618604" keyOID="2.16.840.1.113883.3.1163.2" />
          <Domain>LOINC</Domain>
          <Key>8480-6</Key>
          <Description>Systolic blood pressure</Description>
        </UniversalKey>
      </Property>
      <Property name="BP Diastolic">
        <DateTime>2014-05-14T00:00:00</DateTime>
        <Value>69.000000</Value>
        <UniversalKey>
          <OwnerActor type="Organization" class="Authority" key="13618604" keyOID="2.16.840.1.113883.3.1163.2" />
          <Domain>LOINC</Domain>
          <Key>8462-4</Key>
          <Description>Diastolic blood pressure</Description>
        </UniversalKey>
      </Property>
    </Object>
    <Object class="Vital Signs" key="21779184">
      <Begin>2014-06-27T00:00:00</Begin>
      <End>2014-06-27T00:00:00</End>
      <Property name="BP Diastolic">
        <DateTime>2014-06-27T00:00:00</DateTime>
        <Value>72.000000</Value>
        <UniversalKey>
          <OwnerActor type="Organization" class="Authority" key="13618604" keyOID="2.16.840.1.113883.3.1163.2" />
          <Domain>LOINC</Domain>
          <Key>8462-4</Key>
          <Description>Diastolic blood pressure</Description>
        </UniversalKey>
      </Property>
      <Property name="BP Systolic">
        <DateTime>2014-06-27T00:00:00</DateTime>
        <Value>122.000000</Value>
        <UniversalKey>
          <OwnerActor type="Organization" class="Authority" key="13618604" keyOID="2.16.840.1.113883.3.1163.2" />
          <Domain>LOINC</Domain>
          <Key>8480-6</Key>
          <Description>Systolic blood pressure</Description>
        </UniversalKey>
      </Property>
    </Object>
    <Object class="Vital Signs" key="21779185">
      <Begin>2015-04-20T00:00:00</Begin>
      <End>2015-04-20T00:00:00</End>
      <Property name="BP Diastolic">
        <DateTime>2015-04-20T00:00:00</DateTime>
        <Value>62.000000</Value>
        <UniversalKey>
          <OwnerActor type="Organization" class="Authority" key="13618604" keyOID="2.16.840.1.113883.3.1163.2" />
          <Domain>LOINC</Domain>
          <Key>8462-4</Key>
          <Description>Diastolic blood pressure</Description>
        </UniversalKey>
      </Property>
      <Property name="BP Systolic">
        <DateTime>2015-04-20T00:00:00</DateTime>
        <Value>123.000000</Value>
        <UniversalKey>
          <OwnerActor type="Organization" class="Authority" key="13618604" keyOID="2.16.840.1.113883.3.1163.2" />
          <Domain>LOINC</Domain>
          <Key>8480-6</Key>
          <Description>Systolic blood pressure</Description>
        </UniversalKey>
      </Property>
    </Object>
    <Object class="Vital Signs" key="21779186">
      <Begin>2015-06-03T00:00:00</Begin>
      <End>2015-06-03T00:00:00</End>
      <Property name="BP Diastolic">
        <DateTime>2015-06-03T00:00:00</DateTime>
        <Value>71.000000</Value>
        <UniversalKey>
          <OwnerActor type="Organization" class="Authority" key="13618604" keyOID="2.16.840.1.113883.3.1163.2" />
          <Domain>LOINC</Domain>
          <Key>8462-4</Key>
          <Description>Diastolic blood pressure</Description>
        </UniversalKey>
      </Property>
      <Property name="BP Systolic">
        <DateTime>2015-06-03T00:00:00</DateTime>
        <Value>122.000000</Value>
        <UniversalKey>
          <OwnerActor type="Organization" class="Authority" key="13618604" keyOID="2.16.840.1.113883.3.1163.2" />
          <Domain>LOINC</Domain>
          <Key>8480-6</Key>
          <Description>Systolic blood pressure</Description>
        </UniversalKey>
      </Property>
    </Object>
    <Object class="Vital Signs" key="440895736">
      <Begin>2016-11-17T00:00:00</Begin>
      <Property name="BP Systolic">
        <DateTime>2016-11-17T00:00:00</DateTime>
        <Value>117.000000</Value>
        <UniversalKey>
          <OwnerActor type="Organization" class="Authority" key="13618604" keyOID="2.16.840.1.113883.3.1163.2" />
          <Domain>LOINC</Domain>
          <Key>8480-6</Key>
          <Description>Systolic blood pressure</Description>
        </UniversalKey>
      </Property>
      <Property name="BP Diastolic">
        <DateTime>2016-11-17T00:00:00</DateTime>
        <Value>71.000000</Value>
        <UniversalKey>
          <OwnerActor type="Organization" class="Authority" key="13618604" keyOID="2.16.840.1.113883.3.1163.2" />
          <Domain>LOINC</Domain>
          <Key>8462-4</Key>
          <Description>Diastolic blood pressure</Description>
        </UniversalKey>
      </Property>
      <Property name="Height">
        <DateTime>2016-11-17T00:00:00</DateTime>
        <Value>69.500000</Value>
        <UniversalKey>
          <OwnerActor type="Organization" class="Authority" key="13618604" keyOID="2.16.840.1.113883.3.1163.2" />
          <Domain>LOINC</Domain>
          <Key>8302-2</Key>
          <Description>Body height</Description>
        </UniversalKey>
      </Property>
      <Property name="Weight">
        <DateTime>2016-11-17T00:00:00</DateTime>
        <Value>283.250000</Value>
        <UniversalKey>
          <OwnerActor type="Organization" class="Authority" key="13618604" keyOID="2.16.840.1.113883.3.1163.2" />
          <Domain>LOINC</Domain>
          <Key>3141-9</Key>
          <Description>Body weight Measured</Description>
        </UniversalKey>
      </Property>
      <Property name="Body Mass Index Percentile">
        <DateTime>2016-11-17T00:00:00</DateTime>
        <Value>99.000000</Value>
        <UniversalKey>
          <OwnerActor type="Organization" class="Authority" key="13618604" keyOID="2.16.840.1.113883.3.1163.2" />
          <Domain>LOINC</Domain>
          <Key>39156-5</Key>
          <Description>Body mass index (BMI) [Ratio]</Description>
        </UniversalKey>
      </Property>
    </Object>
    <Object class="Vital Signs" key="441842988">
      <Begin>2016-11-17T00:00:00</Begin>
      <End>2016-11-17T00:00:00</End>
      <Property name="BP Diastolic">
        <DateTime>2016-11-17T00:00:00</DateTime>
        <Value>71.000000</Value>
        <UniversalKey>
          <OwnerActor type="Organization" class="Authority" key="13618604" keyOID="2.16.840.1.113883.3.1163.2" />
          <Domain>LOINC</Domain>
          <Key>8462-4</Key>
          <Description>Diastolic blood pressure</Description>
        </UniversalKey>
      </Property>
      <Property name="BP Systolic">
        <DateTime>2016-11-17T00:00:00</DateTime>
        <Value>117.000000</Value>
        <UniversalKey>
          <OwnerActor type="Organization" class="Authority" key="13618604" keyOID="2.16.840.1.113883.3.1163.2" />
          <Domain>LOINC</Domain>
          <Key>8480-6</Key>
          <Description>Systolic blood pressure</Description>
        </UniversalKey>
      </Property>
    </Object>
  </Patient>
</ClinigencePatientData>